Workbook

Sheet Ringkasan
A1: Peringkat | B1: Nama Halte | C1: Observer | D1: Skor Aksesibilitas (0-100) | E1: Skor Kondisi (0-100) | F1: Skor Lingkungan (0-100) | G1: SKOR TOTAL (AHP) (%) | H1: Longitude | I1: Latitude | J1: Klasifikasi Halte | K1: Nama Halte (trim)
A2: =RANK(G2,$G$2:$G$74,0) -> 1 | B2: Halte Malioboro 2 di Depan BPD DIY dan Government Tourist Information Centre | C2: Reginald Maghfirot GZ | D2: 100 | E2: 75 | F2: 42 | G2: =D2*AHP!$B$29+E2*AHP!$B$30+F2*AHP!$B$31 -> 76.661111 | H2: =IFERROR(INDEX(Koordinat!$B:$B,MATCH($K2,Koordinat!$A:$A,0)),"") -> 110.3656135 | I2: =IFERROR(INDEX(Koordinat!$C:$C,MATCH($K2,Koordinat!$A:$A,0)),"") -> -7.795173089 | J2: {=_xlfn.IFS(G2<=20,"Sangat Rendah",G2<=40,"Rendah",G2<=60,"Sedang",G2<=80,"Tinggi",G2<=100,"Sangat Tinggi")} -> Tinggi | K2: =TRIM(B2) -> Halte Malioboro 2 di Depan BPD DIY dan Government Tourist Information Centre
A3: =RANK(G3,$G$2:$G$74,0) -> 2 | B3: Halte Hayam Wuruk Barat di Depan Taman Kanak Kanak Negeri 5 dan Dinas Pendidikan Kota Yogyakarta, serta di Sebrang Indomaret Lempuyangan | C3: Reginald Maghfirot GZ | D3: 75.4 | E3: 50 | F3: 70 | G3: =D3*AHP!$B$29+E3*AHP!$B$30+F3*AHP!$B$31 -> 65.664444 | H3: =IFERROR(INDEX(Koordinat!$B:$B,MATCH($K3,Koordinat!$A:$A,0)),"") -> 110.3726472 | I3: =IFERROR(INDEX(Koordinat!$C:$C,MATCH($K3,Koordinat!$A:$A,0)),"") -> -7.795611353 | J3: {=_xlfn.IFS(G3<=20,"Sangat Rendah",G3<=40,"Rendah",G3<=60,"Sedang",G3<=80,"Tinggi",G3<=100,"Sangat Tinggi")} -> Tinggi | K3: =TRIM(B3) -> Halte Hayam Wuruk Barat di Depan Taman Kanak Kanak Negeri 5 dan Dinas Pendidikan Kota Yogyakarta, serta di Sebrang Indomaret Lempuyangan
A4: =RANK(G4,$G$2:$G$74,0) -> 6 | B4: Halte Jend. Sudirman (Santika) | C4: Mohammad Radyt Fahrasya | D4: 76.1 | E4: 63 | F4: 42 | G4: =D4*AHP!$B$29+E4*AHP!$B$30+F4*AHP!$B$31 -> 62.902222 | H4: =IFERROR(INDEX(Koordinat!$B:$B,MATCH($K4,Koordinat!$A:$A,0)),"") -> 110.3688244 | I4: =IFERROR(INDEX(Koordinat!$C:$C,MATCH($K4,Koordinat!$A:$A,0)),"") -> -7.782784951 | J4: {=_xlfn.IFS(G4<=20,"Sangat Rendah",G4<=40,"Rendah",G4<=60,"Sedang",G4<=80,"Tinggi",G4<=100,"Sangat Tinggi")} -> Tinggi | K4: =TRIM(B4) -> Halte Jend. Sudirman (Santika)
A5: =RANK(G5,$G$2:$G$74,0) -> 5 | B5: Halte TJ Mangkubumi 1 | C5: Mohammad Radyt Fahrasya | D5: 78.3 | E5: 51 | F5: 54 | G5: =D5*AHP!$B$29+E5*AHP!$B$30+F5*AHP!$B$31 -> 63.006667 | H5: =IFERROR(INDEX(Koordinat!$B:$B,MATCH($K5,Koordinat!$A:$A,0)),"") -> 110.3668458 | I5: =IFERROR(INDEX(Koordinat!$C:$C,MATCH($K5,Koordinat!$A:$A,0)),"") -> -7.784746411 | J5: {=_xlfn.IFS(G5<=20,"Sangat Rendah",G5<=40,"Rendah",G5<=60,"Sedang",G5<=80,"Tinggi",G5<=100,"Sangat Tinggi")} -> Tinggi | K5: =TRIM(B5) -> Halte TJ Mangkubumi 1
A6: =RANK(G6,$G$2:$G$74,0) -> 3 | B6: Halte TJ Diponegoro | C6: Mohammad Radyt Fahrasya | D6: 74.6 | E6: 26.5 | F6: 94 | G6: =D6*AHP!$B$29+E6*AHP!$B$30+F6*AHP!$B$31 -> 63.899444 | H6: =IFERROR(INDEX(Koordinat!$B:$B,MATCH($K6,Koordinat!$A:$A,0)),"") -> 110.3625529 | I6: =IFERROR(INDEX(Koordinat!$C:$C,MATCH($K6,Koordinat!$A:$A,0)),"") -> -7.782872521 | J6: {=_xlfn.IFS(G6<=20,"Sangat Rendah",G6<=40,"Rendah",G6<=60,"Sedang",G6<=80,"Tinggi",G6<=100,"Sangat Tinggi")} -> Tinggi | K6: =TRIM(B6) -> Halte TJ Diponegoro
A7: =RANK(G7,$G$2:$G$74,0) -> 4 | B7: Halte Senopati 2 di Depan Taman Pintar Yogyakarta | C7: Reginald Maghfirot GZ | D7: 73.9 | E7: 25 | F7: 94 | G7: =D7*AHP!$B$29+E7*AHP!$B$30+F7*AHP!$B$31 -> 63.12 | H7: =IFERROR(INDEX(Koordinat!$B:$B,MATCH($K7,Koordinat!$A:$A,0)),"") -> 110.3671701 | I7: =IFERROR(INDEX(Koordinat!$C:$C,MATCH($K7,Koordinat!$A:$A,0)),"") -> -7.801403484 | J7: {=_xlfn.IFS(G7<=20,"Sangat Rendah",G7<=40,"Rendah",G7<=60,"Sedang",G7<=80,"Tinggi",G7<=100,"Sangat Tinggi")} -> Tinggi | K7: =TRIM(B7) -> Halte Senopati 2 di Depan Taman Pintar Yogyakarta
A8: =RANK(G8,$G$2:$G$74,0) -> 7 | B8: Halte Sudirman Bumiputera | C8: Mohammad Radyt Fahrasya | D8: 79 | E8: 39 | F8: 54 | G8: =D8*AHP!$B$29+E8*AHP!$B$30+F8*AHP!$B$31 -> 59.361111 | H8: =IFERROR(INDEX(Koordinat!$B:$B,MATCH($K8,Koordinat!$A:$A,0)),"") -> 110.3695586 | I8: =IFERROR(INDEX(Koordinat!$C:$C,MATCH($K8,Koordinat!$A:$A,0)),"") -> -7.782965838 | J8: {=_xlfn.IFS(G8<=20,"Sangat Rendah",G8<=40,"Rendah",G8<=60,"Sedang",G8<=80,"Tinggi",G8<=100,"Sangat Tinggi")} -> Sedang | K8: =TRIM(B8) -> Halte Sudirman Bumiputera
A9: =RANK(G9,$G$2:$G$74,0) -> 8 | B9: Halte Senopati 2 di Jalan Panembahan Senopati dekat Taman Pintar | C9: Reginald Maghfirot GZ | D9: 71 | E9: 25 | F9: 82 | G9: =D9*AHP!$B$29+E9*AHP!$B$30+F9*AHP!$B$31 -> 58.794444 | H9: =IFERROR(INDEX(Koordinat!$B:$B,MATCH($K9,Koordinat!$A:$A,0)),"") -> 110.3671291 | I9: =IFERROR(INDEX(Koordinat!$C:$C,MATCH($K9,Koordinat!$A:$A,0)),"") -> -7.801495688 | J9: {=_xlfn.IFS(G9<=20,"Sangat Rendah",G9<=40,"Rendah",G9<=60,"Sedang",G9<=80,"Tinggi",G9<=100,"Sangat Tinggi")} -> Sedang | K9: =TRIM(B9) -> Halte Senopati 2 di Jalan Panembahan Senopati dekat Taman Pintar
A10: =RANK(G10,$G$2:$G$74,0) -> 9 | B10: Halte Senopati 1 di Jalan Panembahan Senopati dekat Parkiran Bus | C10: Reginald Maghfirot GZ | D10: 70.3 | E10: 25 | F10: 82 | G10: =D10*AHP!$B$29+E10*AHP!$B$30+F10*AHP!$B$31 -> 58.506667 | H10: =IFERROR(INDEX(Koordinat!$B:$B,MATCH($K10,Koordinat!$A:$A,0)),"") -> 110.3670972 | I10: =IFERROR(INDEX(Koordinat!$C:$C,MATCH($K10,Koordinat!$A:$A,0)),"") -> -7.801566188 | J10: {=_xlfn.IFS(G10<=20,"Sangat Rendah",G10<=40,"Rendah",G10<=60,"Sedang",G10<=80,"Tinggi",G10<=100,"Sangat Tinggi")} -> Sedang | K10: =TRIM(B10) -> Halte Senopati 1 di Jalan Panembahan Senopati dekat Parkiran Bus
A11: =RANK(G11,$G$2:$G$74,0) -> 10 | B11: TPB Wolter Monginsidi | C11: Mohammad Radyt Fahrasya | D11: 55.1 | E11: 25.5 | F11: 100 | G11: =D11*AHP!$B$29+E11*AHP!$B$30+F11*AHP!$B$31 -> 57.121667 | H11: =IFERROR(INDEX(Koordinat!$B:$B,MATCH($K11,Koordinat!$A:$A,0)),"") -> 110.366726 | I11: =IFERROR(INDEX(Koordinat!$C:$C,MATCH($K11,Koordinat!$A:$A,0)),"") -> -7.777881498 | J11: {=_xlfn.IFS(G11<=20,"Sangat Rendah",G11<=40,"Rendah",G11<=60,"Sedang",G11<=80,"Tinggi",G11<=100,"Sangat Tinggi")} -> Sedang | K11: =TRIM(B11) -> TPB Wolter Monginsidi
A12: =RANK(G12,$G$2:$G$74,0) -> 11 | B12: Halte Malioboro 1 di Jalan Masuk Malioboro dan di Sebrang Jogja Library Center | C12: Reginald Maghfirot GZ | D12: 70.3 | E12: 50 | F12: 30 | G12: =D12*AHP!$B$29+E12*AHP!$B$30+F12*AHP!$B$31 -> 53.123333 | H12: =IFERROR(INDEX(Koordinat!$B:$B,MATCH($K12,Koordinat!$A:$A,0)),"") -> 110.3661057 | I12: =IFERROR(INDEX(Koordinat!$C:$C,MATCH($K12,Koordinat!$A:$A,0)),"") -> -7.790905356 | J12: {=_xlfn.IFS(G12<=20,"Sangat Rendah",G12<=40,"Rendah",G12<=60,"Sedang",G12<=80,"Tinggi",G12<=100,"Sangat Tinggi")} -> Sedang | K12: =TRIM(B12) -> Halte Malioboro 1 di Jalan Masuk Malioboro dan di Sebrang Jogja Library Center
A13: =RANK(G13,$G$2:$G$74,0) -> 12 | B13: Halte SMP N 14 | C13: Mohammad Radyt Fahrasya | D13: 52.9 | E13: 27 | F13: 70 | G13: =D13*AHP!$B$29+E13*AHP!$B$30+F13*AHP!$B$31 -> 48.875556 | H13: =IFERROR(INDEX(Koordinat!$B:$B,MATCH($K13,Koordinat!$A:$A,0)),"") -> 110.3598916 | I13: =IFERROR(INDEX(Koordinat!$C:$C,MATCH($K13,Koordinat!$A:$A,0)),"") -> -7.786639736 | J13: {=_xlfn.IFS(G13<=20,"Sangat Rendah",G13<=40,"Rendah",G13<=60,"Sedang",G13<=80,"Tinggi",G13<=100,"Sangat Tinggi")} -> Sedang | K13: =TRIM(B13) -> Halte SMP N 14
... A65: =RANK(G65,$G$2:$G$74,0) -> 64 | B65: Halte Widya Wiwaha 1 di Depan STIE Widya Wiwaha | C65: Mohammad Radyt Fahrasya | D65: 3.6 | E65: 0 | F65: 0 | G65: =D65*AHP!$B$29+E65*AHP!$B$30+F65*AHP!$B$31 -> 1.48 | H65: =IFERROR(INDEX(Koordinat!$B:$B,MATCH($K65,Koordinat!$A:$A,0)),"") -> 110.3776763 | I65: =IFERROR(INDEX(Koordinat!$C:$C,MATCH($K65,Koordinat!$A:$A,0)),"") -> -7.822836023 | J65: {=_xlfn.IFS(G65<=20,"Sangat Rendah",G65<=40,"Rendah",G65<=60,"Sedang",G65<=80,"Tinggi",G65<=100,"Sangat Tinggi")} -> Sangat Rendah | K65: =TRIM(B65) -> Halte Widya Wiwaha 1 di Depan STIE Widya Wiwaha

Sheet AHP
A1: AHP - Penentuan Bobot Prioritas Skoring Halte
A3: Skala Saaty: 1=sama penting, 3=sedikit lebih penting, 5=lebih penting, 7=jauh lebih penting, 9=mutlak lebih penting
A5: 1. Matriks Perbandingan Berpasangan
B6: Aksesibilitas | C6: Kondisi | D6: Lingkungan
A7: Aksesibilitas | B7: 1 | C7: 1 | D7: 2
A8: Kondisi | B8: =1/C7 -> 1 | C8: 1 | D8: 1
A9: Lingkungan | B9: =1/D7 -> 0.5 | C9: =1/D8 -> 1 | D9: 1
A10: Total | B10: =SUM(B7:B9) -> 2.5 | C10: =SUM(C7:C9) -> 3 | D10: =SUM(D7:D9) -> 4
A11: Catatan: hanya sel kuning yang diisi manual (hasil wawancara/pertimbangan pengambil keputusan). Sel lain otomatis (kebalikan).
A13: 2. Normalisasi Matriks, Bobot Prioritas & Eigen Value
A14: Kriteria | B14: Aksesibilitas | C14: Kondisi | D14: Lingkungan | E14: Jumlah | F14: Prioritas (Bobot) | G14: Eigen Value
A15: Aksesibilitas | B15: =B7/B$10 -> 0.4 | C15: =C7/C$10 -> 0.33333333 | D15: =D7/D$10 -> 0.5 | E15: =SUM(B15:D15) -> 1.2333333 | F15: =E15/3 -> 0.41111111 | G15: =F15*B$10 -> 1.0277778
A16: Kondisi | B16: =B8/B$10 -> 0.4 | C16: =C8/C$10 -> 0.33333333 | D16: =D8/D$10 -> 0.25 | E16: =SUM(B16:D16) -> 0.98333333 | F16: =E16/3 -> 0.32777778 | G16: =F16*C$10 -> 0.98333333
A17: Lingkungan | B17: =B9/B$10 -> 0.2 | C17: =C9/C$10 -> 0.33333333 | D17: =D9/D$10 -> 0.25 | E17: =SUM(B17:D17) -> 0.78333333 | F17: =E17/3 -> 0.26111111 | G17: =F17*D$10 -> 1.0444444
A18: Total | F18: =SUM(F15:F17) -> 1 | G18: =SUM(G15:G17) -> 3.0555556
A20: 3. Uji Konsistensi (Consistency Ratio)
A21: Lambda Max (Total Eigen Value) | B21: =G18 -> 3.0555556
A22: n (jumlah kriteria) | B22: 3
A23: CI (Consistency Index = (Lambda Max - n) / (n - 1)) | B23: =(B21-B22)/(B22-1) -> 0.027777778
A24: RI (Random Index, tabel Saaty untuk n=3) | B24: 0.58
A25: CR (Consistency Ratio = CI / RI) | B25: =B23/B24 -> 0.04789272
A26: Status Konsistensi (CR <= 0.1 dianggap konsisten) | B26: =IF(B25<=0.1,"KONSISTEN - bobot valid digunakan","TIDAK KONSISTEN - revisi penilaian pairwise") -> KONSISTEN - bobot valid digunakan
A28: 4. Bobot Final Dipakai di Skor Total
A29: Bobot Aksesibilitas | B29: =F15 -> 0.41111111
A30: Bobot Kondisi | B30: =F16 -> 0.32777778
A31: Bobot Lingkungan | B31: =F17 -> 0.26111111

Sheet Detail Aksesibilitas
A1: Nama Halte | B1: Kesehatan | C1: Kuliner | D1: Pariwisata | E1: Pendidikan | F1: Perdagangan | G1: Peribadatan | H1: Perkantoran | I1: Transportasi | J1: Total POI dlm radius 500m | K1: Jumlah Kategori POI Ada | L1: Skor Aksesibilitas (0-100)
A2: Halte Malioboro 2 di Depan BPD DIY dan Government Tourist Information Centre | B2: 29 | C2: 63 | D2: 5 | E2: 17 | F2: 12 | G2: 35 | H2: 12 | I2: 0 | J2: =SUM(B2:I2) -> 173 | K2: =COUNTIF(B2:I2,">0") -> 7 | L2: =ROUND((J2-MIN($J$2:$J$65))/(MAX($J$2:$J$65)-MIN($J$2:$J$65))*100,1) -> 100
A3: Halte Sudirman Bumiputera | B3: 26 | C3: 52 | D3: 6 | E3: 25 | F3: 3 | G3: 27 | H3: 5 | I3: 0 | J3: =SUM(B3:I3) -> 144 | K3: =COUNTIF(B3:I3,">0") -> 7 | L3: =ROUND((J3-MIN($J$2:$J$65))/(MAX($J$2:$J$65)-MIN($J$2:$J$65))*100,1) -> 79
A4: Halte TJ Mangkubumi 1 | B4: 32 | C4: 58 | D4: 5 | E4: 19 | F4: 2 | G4: 21 | H4: 6 | I4: 0 | J4: =SUM(B4:I4) -> 143 | K4: =COUNTIF(B4:I4,">0") -> 7 | L4: =ROUND((J4-MIN($J$2:$J$65))/(MAX($J$2:$J$65)-MIN($J$2:$J$65))*100,1) -> 78.3
A5: Halte Jend. Sudirman (Santika) | B5: 19 | C5: 56 | D5: 6 | E5: 24 | F5: 3 | G5: 27 | H5: 5 | I5: 0 | J5: =SUM(B5:I5) -> 140 | K5: =COUNTIF(B5:I5,">0") -> 7 | L5: =ROUND((J5-MIN($J$2:$J$65))/(MAX($J$2:$J$65)-MIN($J$2:$J$65))*100,1) -> 76.1
A6: Halte Hayam Wuruk Barat di Depan Taman Kanak Kanak Negeri 5 dan Dinas Pendidikan Kota Yogyakarta, serta di Sebrang Indomaret Lempuyangan | B6: 27 | C6: 39 | D6: 1 | E6: 23 | F6: 3 | G6: 35 | H6: 11 | I6: 0 | J6: =SUM(B6:I6) -> 139 | K6: =COUNTIF(B6:I6,">0") -> 7 | L6: =ROUND((J6-MIN($J$2:$J$65))/(MAX($J$2:$J$65)-MIN($J$2:$J$65))*100,1) -> 75.4
A7: Halte TJ Diponegoro | B7: 35 | C7: 47 | D7: 2 | E7: 16 | F7: 3 | G7: 25 | H7: 10 | I7: 0 | J7: =SUM(B7:I7) -> 138 | K7: =COUNTIF(B7:I7,">0") -> 7 | L7: =ROUND((J7-MIN($J$2:$J$65))/(MAX($J$2:$J$65)-MIN($J$2:$J$65))*100,1) -> 74.6
A8: Halte Senopati 2 di Depan Taman Pintar Yogyakarta | B8: 17 | C8: 41 | D8: 17 | E8: 16 | F8: 8 | G8: 32 | H8: 6 | I8: 0 | J8: =SUM(B8:I8) -> 137 | K8: =COUNTIF(B8:I8,">0") -> 7 | L8: =ROUND((J8-MIN($J$2:$J$65))/(MAX($J$2:$J$65)-MIN($J$2:$J$65))*100,1) -> 73.9
A9: Halte Senopati 2 di Jalan Panembahan Senopati dekat Taman Pintar | B9: 16 | C9: 40 | D9: 17 | E9: 15 | F9: 8 | G9: 31 | H9: 6 | I9: 0 | J9: =SUM(B9:I9) -> 133 | K9: =COUNTIF(B9:I9,">0") -> 7 | L9: =ROUND((J9-MIN($J$2:$J$65))/(MAX($J$2:$J$65)-MIN($J$2:$J$65))*100,1) -> 71
A10: Halte Senopati 1 di Jalan Panembahan Senopati dekat Parkiran Bus | B10: 16 | C10: 39 | D10: 17 | E10: 15 | F10: 8 | G10: 31 | H10: 6 | I10: 0 | J10: =SUM(B10:I10) -> 132 | K10: =COUNTIF(B10:I10,">0") -> 7 | L10: =ROUND((J10-MIN($J$2:$J$65))/(MAX($J$2:$J$65)-MIN($J$2:$J$65))*100,1) -> 70.3
A11: Halte Malioboro 1 di Jalan Masuk Malioboro dan di Sebrang Jogja Library Center | B11: 19 | C11: 53 | D11: 7 | E11: 13 | F11: 2 | G11: 29 | H11: 7 | I11: 2 | J11: =SUM(B11:I11) -> 132 | K11: =COUNTIF(B11:I11,">0") -> 8 | L11: =ROUND((J11-MIN($J$2:$J$65))/(MAX($J$2:$J$65)-MIN($J$2:$J$65))*100,1) -> 70.3
A12: HALTE TJ CIK DI TIRO 2 | B12: 42 | C12: 44 | D12: 4 | E12: 17 | F12: 1 | G12: 17 | H12: 5 | I12: 0 | J12: =SUM(B12:I12) -> 130 | K12: =COUNTIF(B12:I12,">0") -> 7 | L12: =ROUND((J12-MIN($J$2:$J$65))/(MAX($J$2:$J$65)-MIN($J$2:$J$65))*100,1) -> 68.8
A13: Halte Sosrowijayan di Jl. Gandekan | B13: 20 | C13: 43 | D13: 2 | E13: 21 | F13: 3 | G13: 27 | H13: 9 | I13: 2 | J13: =SUM(B13:I13) -> 127 | K13: =COUNTIF(B13:I13,">0") -> 8 | L13: =ROUND((J13-MIN($J$2:$J$65))/(MAX($J$2:$J$65)-MIN($J$2:$J$65))*100,1) -> 66.7
... A65: Halte Trans BonBin di Jalan Kusumanegara | B65: 10 | C65: 3 | D65: 2 | E65: 6 | F65: 1 | G65: 8 | H65: 5 | I65: 0 | J65: =SUM(B65:I65) -> 35 | K65: =COUNTIF(B65:I65,">0") -> 7 | L65: =ROUND((J65-MIN($J$2:$J$65))/(MAX($J$2:$J$65)-MIN($J$2:$J$65))*100,1) -> 0

Sheet Detail Kondisi
A1: Nama Halte | B1: Jml Fasilitas Ditemukan | C1: Jml Indikator Kerusakan | D1: Skor Kondisi (0-100) | E1: Ada: atap shelter | F1: Ada: tempat duduk | G1: Ada: papan informasi rute | H1: Ada: jalur landai difabel | I1: Ada: penerangan | J1: Ada: dinding kaca pembatas | K1: Ada: kipas angin | L1: Ada: papan nama jelas | M1: Terdeteksi: rusak robek | N1: Terdeteksi: coret vandalisme | O1: Terdeteksi: karat mengelupas | P1: Terdeteksi: kotor debu sampah | Q1: Terdeteksi: akses terhalang
A2: Halte Malioboro 2 di Depan BPD DIY dan Government Tourist Information Centre | B2: =COUNTIF(E2:L2,"Ya") -> 6 | C2: =COUNTIF(M2:Q2,"Ya") -> 0 | D2: =ROUND(MAX((B2/8)*100-(C2*12),0),1) -> 75 | E2: Ya | F2: Ya | G2: Ya | H2: Ya | I2: Ya | J2: Tidak | K2: Ya | L2: Tidak | M2: Tidak | N2: Tidak | O2: Tidak | P2: Tidak | Q2: Tidak
A3: Halte Jend. Sudirman (Santika) | B3: =COUNTIF(E3:L3,"Ya") -> 6 | C3: =COUNTIF(M3:Q3,"Ya") -> 1 | D3: =ROUND(MAX((B3/8)*100-(C3*12),0),1) -> 63 | E3: Ya | F3: Ya | G3: Ya | H3: Ya | I3: Tidak | J3: Ya | K3: Ya | L3: Tidak | M3: Tidak | N3: Tidak | O3: Ya | P3: Tidak | Q3: Tidak
A4: Halte TJ Mangkubumi 1 | B4: =COUNTIF(E4:L4,"Ya") -> 6 | C4: =COUNTIF(M4:Q4,"Ya") -> 2 | D4: =ROUND(MAX((B4/8)*100-(C4*12),0),1) -> 51 | E4: Ya | F4: Ya | G4: Ya | H4: Ya | I4: Ya | J4: Tidak | K4: Ya | L4: Tidak | M4: Tidak | N4: Ya | O4: Tidak | P4: Tidak | Q4: Ya
A5: Halte Tegal Gendu 2 | B5: =COUNTIF(E5:L5,"Ya") -> 5 | C5: =COUNTIF(M5:Q5,"Ya") -> 1 | D5: =ROUND(MAX((B5/8)*100-(C5*12),0),1) -> 50.5 | E5: Ya | F5: Ya | G5: Ya | H5: Tidak | I5: Ya | J5: Ya | K5: Tidak | L5: Tidak | M5: Tidak | N5: Ya | O5: Tidak | P5: Tidak | Q5: Tidak
A6: Halte Sugiono 2 di Depan Masjid Baiturohim | B6: =COUNTIF(E6:L6,"Ya") -> 5 | C6: =COUNTIF(M6:Q6,"Ya") -> 1 | D6: =ROUND(MAX((B6/8)*100-(C6*12),0),1) -> 50.5 | E6: Ya | F6: Ya | G6: Ya | H6: Tidak | I6: Ya | J6: Tidak | K6: Ya | L6: Tidak | M6: Tidak | N6: Tidak | O6: Tidak | P6: Tidak | Q6: Ya
A7: Halte Hayam Wuruk Barat di Depan Taman Kanak Kanak Negeri 5 dan Dinas Pendidikan Kota Yogyakarta, serta di Sebrang Indomaret Lempuyangan | B7: =COUNTIF(E7:L7,"Ya") -> 4 | C7: =COUNTIF(M7:Q7,"Ya") -> 0 | D7: =ROUND(MAX((B7/8)*100-(C7*12),0),1) -> 50 | E7: Tidak | F7: Ya | G7: Ya | H7: Ya | I7: Ya | J7: Tidak | K7: Tidak | L7: Tidak | M7: Tidak | N7: Tidak | O7: Tidak | P7: Tidak | Q7: Tidak
A8: Halte RSI Hidayatullah di Depan RSI Hidayatullah | B8: =COUNTIF(E8:L8,"Ya") -> 4 | C8: =COUNTIF(M8:Q8,"Ya") -> 0 | D8: =ROUND(MAX((B8/8)*100-(C8*12),0),1) -> 50 | E8: Ya | F8: Ya | G8: Ya | H8: Ya | I8: Tidak | J8: Tidak | K8: Tidak | L8: Tidak | M8: Tidak | N8: Tidak | O8: Tidak | P8: Tidak | Q8: Tidak
A9: Halte Malioboro 1 di Jalan Masuk Malioboro dan di Sebrang Jogja Library Center | B9: =COUNTIF(E9:L9,"Ya") -> 4 | C9: =COUNTIF(M9:Q9,"Ya") -> 0 | D9: =ROUND(MAX((B9/8)*100-(C9*12),0),1) -> 50 | E9: Ya | F9: Ya | G9: Tidak | H9: Ya | I9: Ya | J9: Tidak | K9: Tidak | L9: Tidak | M9: Tidak | N9: Tidak | O9: Tidak | P9: Tidak | Q9: Tidak
A10: TPB Lempuyangan 2 di Depan Taman Rukun Warga 08 Tegal Kemuning | B10: =COUNTIF(E10:L10,"Ya") -> 4 | C10: =COUNTIF(M10:Q10,"Ya") -> 0 | D10: =ROUND(MAX((B10/8)*100-(C10*12),0),1) -> 50 | E10: Tidak | F10: Ya | G10: Ya | H10: Ya | I10: Ya | J10: Tidak | K10: Tidak | L10: Tidak | M10: Tidak | N10: Tidak | O10: Tidak | P10: Tidak | Q10: Tidak
A11: Halte Sudirman Bumiputera | B11: =COUNTIF(E11:L11,"Ya") -> 6 | C11: =COUNTIF(M11:Q11,"Ya") -> 3 | D11: =ROUND(MAX((B11/8)*100-(C11*12),0),1) -> 39 | E11: Ya | F11: Ya | G11: Ya | H11: Ya | I11: Tidak | J11: Ya | K11: Ya | L11: Tidak | M11: Tidak | N11: Ya | O11: Ya | P11: Tidak | Q11: Ya
A12: TPB Pasar Giwangan 1 di Depan SMP & SMK Berbudi | B12: =COUNTIF(E12:L12,"Ya") -> 4 | C12: =COUNTIF(M12:Q12,"Ya") -> 1 | D12: =ROUND(MAX((B12/8)*100-(C12*12),0),1) -> 38 | E12: Ya | F12: Ya | G12: Ya | H12: Tidak | I12: Tidak | J12: Ya | K12: Tidak | L12: Tidak | M12: Tidak | N12: Ya | O12: Tidak | P12: Tidak | Q12: Tidak
A13: TPB Tarumartani Selatan di Depan PT Taru Martani dan di Sebrang Balai KPH Yogyakarta | B13: =COUNTIF(E13:L13,"Ya") -> 4 | C13: =COUNTIF(M13:Q13,"Ya") -> 1 | D13: =ROUND(MAX((B13/8)*100-(C13*12),0),1) -> 38 | E13: Ya | F13: Ya | G13: Ya | H13: Tidak | I13: Ya | J13: Tidak | K13: Tidak | L13: Tidak | M13: Tidak | N13: Ya | O13: Tidak | P13: Tidak | Q13: Tidak
... A65: Halte Widya Wiwaha 2 di Depan STIE Widya Wiwaha | B65: =COUNTIF(E65:L65,"Ya") -> 0 | C65: =COUNTIF(M65:Q65,"Ya") -> 2 | D65: =ROUND(MAX((B65/8)*100-(C65*12),0),1) -> 0 | E65: Tidak | F65: Tidak | G65: Tidak | H65: Tidak | I65: Tidak | J65: Tidak | K65: Tidak | L65: Tidak | M65: Tidak | N65: Ya | O65: Tidak | P65: Ya | Q65: Tidak

Sheet Detail Lingkungan
A1: Nama Halte | B1: Sub-skor Kebersihan (0-100) | C1: Ada Vegetasi Disebut | D1: Sebutan Positif (bersih/rapi/terawat) | E1: Sebutan Negatif (kotor/sampah/kumuh) | F1: Skor Lingkungan (0-100)
A2: TPB Wolter Monginsidi | B2: 100 | C2: Ya | D2: 5 | E2: 1 | F2: =ROUND(B2*0.6+IF(C2="Ya",40,0),1) -> 100
A3: Halte TJ Diponegoro | B3: 90 | C3: Ya | D3: 3 | E3: 1 | F3: =ROUND(B3*0.6+IF(C3="Ya",40,0),1) -> 94
A4: Halte Senopati 2 di Depan Taman Pintar Yogyakarta | B4: 90 | C4: Ya | D4: 2 | E4: 0 | F4: =ROUND(B4*0.6+IF(C4="Ya",40,0),1) -> 94
A5: Halte Ngeksigondo (Basen) di Depan Kantor Balai Pengembangan Kompetensi dan Wisma | B5: 70 | C5: Ya | D5: 2 | E5: 1 | F5: =ROUND(B5*0.6+IF(C5="Ya",40,0),1) -> 82
A6: Halte Senopati 1 di Jalan Panembahan Senopati dekat Parkiran Bus | B6: 70 | C6: Ya | D6: 1 | E6: 0 | F6: =ROUND(B6*0.6+IF(C6="Ya",40,0),1) -> 82
A7: Halte Senopati 2 di Jalan Panembahan Senopati dekat Taman Pintar | B7: 70 | C7: Ya | D7: 1 | E7: 0 | F7: =ROUND(B7*0.6+IF(C7="Ya",40,0),1) -> 82
A8: Halte Portabel Trans Jogja | B8: 50 | C8: Ya | D8: 0 | E8: 0 | F8: =ROUND(B8*0.6+IF(C8="Ya",40,0),1) -> 70
A9: Halte SMP N 14 | B9: 50 | C9: Ya | D9: 2 | E9: 2 | F9: =ROUND(B9*0.6+IF(C9="Ya",40,0),1) -> 70
A10: Halte Kusumanegara 4 di Depan Kantor Kementrian Agraria dan Tata Ruang / Badan Pertahanan Nasional Jogja | B10: 50 | C10: Ya | D10: 1 | E10: 1 | F10: =ROUND(B10*0.6+IF(C10="Ya",40,0),1) -> 70
A11: TPB Lapangan Karang Kota Gede di Depan Taman Karang dan Lapangan Karang | B11: 50 | C11: Ya | D11: 1 | E11: 1 | F11: =ROUND(B11*0.6+IF(C11="Ya",40,0),1) -> 70
A12: Halte Portable Wirogunan di Depan KANWIL DITJENPAS DIY | B12: 50 | C12: Ya | D12: 0 | E12: 0 | F12: =ROUND(B12*0.6+IF(C12="Ya",40,0),1) -> 70
A13: Halte Portable Taman Siswa didepan Masjid Al Jihad | B13: 50 | C13: Ya | D13: 0 | E13: 0 | F13: =ROUND(B13*0.6+IF(C13="Ya",40,0),1) -> 70
... A65: Halte Widya Wiwaha 1 di Depan STIE Widya Wiwaha | B65: 0 | C65: Tidak | D65: 0 | E65: 3 | F65: =ROUND(B65*0.6+IF(C65="Ya",40,0),1) -> 0

Sheet Deskripsi Asli
A1: Nama Halte | B1: Deskripsi Observasi Asli
A2: HALTE TJ SMPN 5 YOGYAKARTA | B2: Siang ini, saya dan rekan sekelompok melakukan observasi di Halte TJ SMPN 5 Yogyakarta sekitar pukul 12.32 WIB. Halte ini berada tepat di depan SMPN 5 Yogyakarta dan pada saat pengamatan kondisinya terlihat cukup ramai dengan banyak penumpang yang sedang menunggu. Terdapat pula bus Trans Jogja yang sedang berhenti untuk menjemput penumpang, sehingga aktivitas naik penumpang terlihat cukup aktif pada waktu tersebut. Lokasinya yang berada di depan sekolah membuat halte ini cukup strategis untuk mendukung mobilitas pelajar maupun masyarakat di sekitarnya. #BANGJO
A3: HALTE SMPN 1 YOGYAKARTA | B3: Sore ini, saya dan rekan saya melakukan observasi di Halte SMPN 1 Yogyakarta sekitar pukul 18.12 WIB. Halte ini berada tepat di depan SMPN 1 Yogyakarta dan pada saat pengamatan tidak terlihat adanya penumpang yang sedang menunggu Trans Jogja. Dari kondisi yang terlihat, area halte relatif sepi pada waktu tersebut dan pencahayaan di sekitarnya mulai bergantung pada lampu jalan karena hari sudah mulai gelap. Secara umum halte masih dapat digunakan sebagai titik pemberhentian, namun kondisi visual di sekitar halte tampak cukup sederhana sehingga aspek penerangan, kebersihan, dan kejelasan informasi halte perlu tetap diperhatikan agar nyaman digunakan terutama pada malam hari. #BANGJO
A4: HALTE TJ CIK DI TIRO 2 | B4: Sore ini, saya dan rekan melakukan observasi di Halte Cik Di Tiro 2 sekitar pukul 18.04 WIB. Halte ini berada di sebelah BRI Cik Di Tiro dan terletak di kawasan dengan aktivitas lalu lintas yang cukup aktif. Pada saat pengamatan, kondisi halte terlihat tidak terlalu ramai dan hanya terdapat sedikit aktivitas penumpang. Terdapat satu petugas yang berjaga di halte untuk membantu pelayanan serta menjaga ketertiban. Secara umum, halte masih berfungsi dengan baik sebagai titik naik dan turun penumpang Trans Jogja pada kawasan Cik Di Tiro. Yang perlu menjadi catatan adalah masih ada coret² vandalisme di bagian bawah Halte. #BANGJO
A5: HALTE SUDIRMAN BETHESDA | B5: Sore ini, saya dan rekan saya melakukan observasi di Halte Sudirman Bethesda sekitar pukul 17.55 WIB. Halte ini terletak tepat di depan RS Bethesda, sehingga lokasinya cukup strategis dan ramai oleh aktivitas masyarakat. Saat observasi berlangsung, terdapat dua petugas yang berjaga di halte serta sebuah bus Trans Jogja yang sedang berhenti untuk menurunkan penumpang. Kondisi halte terlihat cukup aktif dengan sejumlah penumpang yang datang dan turun dari bus. Keberadaan petugas juga membantu mendukung pelayanan dan ketertiban pengguna halte, terutama pada jam sibuk sore hari. #BANGJO
A6: HALTE TAKSI URIP SUMOHARJO | B6: Sore ini, saya dan rekan sekelompok melakukan observasi di Halte Taksi yang berada di kawasan Urip Sumoharjo sekitar pukul 17.46 WIB. Halte masih menyediakan fasilitas dasar berupa tempat berteduh dan area duduk, namun kondisinya terlihat kurang terawat karena terdapat cukup banyak coretan pada beberapa bagian serta poster yang ditempel kurang tertata dan tidak seluruhnya berkaitan dengan informasi transportasi. Beberapa bagian halte juga tampak kusam sehingga mengurangi kenyamanan dan kerapian fasilitas. Saat observasi dilakukan, tidak terlihat penumpang yang sedang menunggu meskipun kondisi lalu lintas di sekitar kawasan cukup ramai.#BANGJO
A7: Halte TJ Mangkubumi 2 | B7: Pagi ini, saya tiba di Halte Mangkubumi 2 sekitar pukul 09.26 WIB. Saat observasi dilakukan, kondisi halte dalam keadaan kosong dan tidak terlihat penumpang maupun petugas di dalamnya. Halte berupa bangunan tertutup yang dilengkapi tempat duduk, lampu, papan informasi peta jaringan dan rute Trans Jogja, serta akses berupa tangga dan jalur landai dengan pegangan tangan. Kondisi bangunan secara umum masih dapat digunakan, tetapi terdapat beberapa bagian yang terlihat kurang terawat. Cat pada pegangan jalur landai banyak yang mengelupas dan mulai berkarat, sementara bagian plafon tampak kotor dan terdapat bekas noda. Kondisi lantai di dalam halte juga terlihat berdebu, terdapat beberapa sampah kecil, serta sebagian pelat lantai tampak tidak terpasang dengan rapi. Di sekitar halte terdapat trotoar yang cukup luas, meskipun terlihat becak yang diparkir berdekatan dengan jalur masuk halte. Secara keseluruhan, Halte Mangkubumi 2 masih memiliki fasilitas dasar yang memadai sebagai tempat pemberhentian bus, namun kebersihan dan pemeliharaan beberapa bagian bangunan perlu ditingkatkan agar halte lebih bersih, aman, dan nyaman bagi penumpang. #BANGJO
A8: Halte TJ Mangkubumi 1 | B8: Pagi ini, saya tiba di Halte Mangkubumi 1 sekitar pukul 09.21 WIB. Pada saat observasi, terdapat lima penumpang yang sedang menunggu bus dan satu petugas yang berjaga di dalam halte. Halte memiliki bangunan tertutup dengan tempat duduk, kipas angin, lampu, serta papan informasi yang memuat peta jaringan dan rute Trans Jogja. Akses masuk tersedia melalui tangga dan jalur landai dengan pegangan tangan di kedua sisinya sehingga memudahkan pengguna untuk menuju ruang tunggu. Kondisi bagian dalam masih cukup baik dan dapat digunakan untuk menunggu bus dengan nyaman. Namun, pada beberapa bagian luar bangunan terlihat coretan pada dinding dan penutup bagian atas, sementara papan penanda di dekat halte juga dipenuhi stiker dan coretan sehingga tampilannya kurang terawat. Di sisi halte, terdapat becak dan barang-barang yang memenuhi sebagian area trotoar sehingga ruang bagi pejalan kaki menjadi lebih sempit. Secara keseluruhan, Halte Mangkubumi 1 masih berfungsi dengan baik sebagai fasilitas pemberhentian dan tempat menunggu penumpang, tetapi kebersihan serta kondisi bagian luar halte perlu mendapat perhatian agar lingkungan halte terlihat lebih rapi dan nyaman digunakan. #BANGJO
A9: Halte SMP N 14 | B9: Pagi ini, saya tiba di Halte SMP N 14 Yogyakarta sekitar pukul 09.09 WIB. Saat observasi dilakukan, terdapat empat penumpang yang sedang menunggu bus dan satu petugas yang berjaga di dalam halte. Halte ini berupa bangunan tertutup yang dilengkapi tempat duduk, kipas angin, lampu, serta papan informasi berupa peta jaringan dan rute Trans Jogja. Akses menuju halte tersedia melalui tangga dan jalur landai yang dilengkapi pegangan tangan. Secara umum, bagian dalam halte masih cukup layak digunakan, meskipun beberapa bagian bangunan terlihat mulai menua dan memerlukan perawatan. Pada bagian luar, papan nama halte tampak rusak dan robek sehingga tulisan tidak lagi terlihat dengan baik, serta terdapat coretan pada dinding bagian bawah. Beberapa sepeda motor juga terlihat diparkir di dekat jalur masuk halte sehingga dapat mengurangi ruang akses bagi pengguna. Di sisi belakang bangunan terdapat area tanah dengan pohon besar serta terlihat sejumlah sampah yang membuat lingkungan sekitar tampak kurang terawat. Secara keseluruhan, Halte SMP N 14 masih dapat digunakan dengan cukup baik untuk menunjang aktivitas naik turun dan menunggu penumpang, tetapi diperlukan perbaikan pada papan nama, beberapa bagian bangunan, serta kebersihan area di sekitarnya agar kondisi halte menjadi lebih nyaman. #BANGJO
A10: Halte TJ Diponegoro | B10: Pagi ini, saya tiba di Halte TJ Diponegoro sekitar pukul 08.58 WIB. Saat observasi dilakukan, kondisi halte terlihat kosong dan tidak terdapat penumpang yang sedang menunggu bus maupun petugas yang berjaga. Halte ini berupa bangunan tertutup dengan struktur besi, dinding kaca, atap, tempat duduk, serta jalur landai yang dilengkapi pegangan tangan. Di dalam halte tersedia papan informasi mengenai layanan dan halte alternatif yang dapat digunakan oleh penumpang. Kondisi bangunan secara umum masih dapat digunakan, tetapi terlihat cukup tua dan kurang terawat. Beberapa bagian rangka dan pegangan tangan tampak kusam serta catnya mulai mengelupas, sementara pada bagian atas halte terlihat sejumlah barang yang diletakkan di atas struktur. Di bagian samping halte terdapat pohon besar dan tiang utilitas yang posisinya sangat dekat dengan bangunan sehingga membuat area tersebut terlihat cukup sempit. Beberapa informasi dan stiker yang terpasang pada kaca juga terlihat sudah usang dan sebagian rusak. Secara umum, Halte TJ Diponegoro masih layak digunakan dan memiliki fasilitas dasar yang memadai, namun diperlukan perawatan pada struktur, papan informasi, serta penataan area halte agar terlihat lebih bersih, rapi, dan nyaman bagi pengguna. #BANGJO
A11: Halte Sudirman Bumiputera | B11: Pagi ini, saya tiba di Halte Sudirman Bumiputera sekitar pukul 08.51 WIB. Saat observasi dilakukan, tidak terlihat penumpang yang sedang menunggu bus dan hanya terdapat satu petugas di dalam halte yang sedang beristirahat. Halte ini berupa bangunan tertutup dengan dinding kaca, atap, tempat duduk, kipas angin, serta jalur landai yang dilengkapi pegangan tangan. Di dalam halte tersedia papan informasi yang memuat peta jaringan, daftar jalur, tarif, dan jam operasional Trans Jogja sehingga informasi perjalanan cukup mudah diakses oleh pengguna. Kondisi bagian dalam terlihat cukup bersih dan fasilitas utama masih dapat digunakan dengan baik. Namun, pada bagian luar terdapat sepeda motor yang diparkir tepat di samping bangunan sehingga mempersempit ruang pada trotoar. Beberapa ornamen pada kaca juga mulai terlihat kusam dan mengelupas. Di sekitar halte terdapat papan informasi kawasan Jalan Jenderal Sudirman, tetapi kondisinya dipenuhi coretan sehingga informasi yang ditampilkan menjadi kurang jelas. Secara umum, Halte Sudirman Bumiputera masih layak digunakan dan memiliki fasilitas yang cukup lengkap, namun penataan area sekitar serta perawatan elemen visual perlu diperhatikan agar lingkungan halte terlihat lebih rapi dan nyaman. #BANGJO
A12: Halte Jend. Sudirman (Santika) | B12: Pagi ini, saya tiba di Halte Jend. Sudirman (Santika) sekitar pukul 08.43 WIB. Saat observasi berlangsung, terdapat tiga penumpang yang sedang duduk menunggu bus di dalam halte. Kondisi halte secara umum cukup baik dengan bangunan tertutup yang dilengkapi atap, dinding kaca, tempat duduk, kipas angin, serta jalur landai dengan pegangan tangan untuk memudahkan akses pengguna. Di dalam halte juga tersedia papan informasi yang memuat peta jaringan, daftar jalur Trans Jogja, jam operasional, dan informasi tarif sehingga cukup membantu penumpang dalam menentukan perjalanan. Meskipun fasilitas utama masih berfungsi, beberapa bagian halte menunjukkan tanda kurang terawat, terutama ornamen pada kaca yang terlihat kusam, mengelupas, dan berubah warna. Pada bagian luar juga terdapat beberapa papan dan gerobak usaha yang diletakkan cukup dekat dengan bangunan halte sehingga sedikit mengurangi kerapian area sekitarnya. Secara keseluruhan, Halte Jend. Sudirman masih dalam kondisi layak dan memiliki fasilitas yang cukup lengkap untuk menunjang kenyamanan penumpang, meskipun perawatan pada beberapa bagian bangunan perlu ditingkatkan. #BANGJO
... A65: Halte Trans BonBin di Jalan Kusumanegara | B65: Siang ini Sabtu, 22 Agustus 2026 sekitar pukul 12.26 kami tiba di Halte Trans BonBin di Jalan Kusumanegara. Di halte ini di trotarnya terdapat berbagai fasilitas seperti parkir sepedah,petugas , bangku tempat duduk, pegangan tangga, map bus, dan tangga ramah disabilitas. Kondisi lumayan sepi karena tidak jam berangkat atau pulang kerja. Petugas ramah. Minusnya di parkir sepeda motor yang tidak ada sehingga sistem pengantarannya drop off. #BANGJO

Sheet Koordinat
A1: title | B1: longitude | C1: latitude | D1: user_full_name
A2: HALTE TJ SMPN 5 YOGYAKARTA | B2: 110.3752707 | C2: -7.7871872 | D2: Rayhan Ardian
A3: HALTE SMPN 1 YOGYAKARTA | B3: 110.375734 | C3: -7.777552952 | D3: Rayhan Ardian
A4: HALTE TJ CIK DI TIRO 2 | B4: 110.375182 | C4: -7.78119793 | D4: Rayhan Ardian
A5: HALTE SUDIRMAN BETHESDA | B5: 110.3778626 | C5: -7.783064173 | D5: Rayhan Ardian
A6: HALTE TAKSI URIP SUMOHARJO | B6: 110.3842867 | C6: -7.783115408 | D6: Rayhan Ardian
A7: Halte TJ Mangkubumi 2 | B7: 110.3665165 | C7: -7.787650231 | D7: Mohammad Radyt Fahrasya
A8: Halte TJ Mangkubumi 1 | B8: 110.3668458 | C8: -7.784746411 | D8: Mohammad Radyt Fahrasya
A9: Halte SMP N 14 | B9: 110.3598916 | C9: -7.786639736 | D9: Mohammad Radyt Fahrasya
A10: Halte TJ Diponegoro | B10: 110.3625529 | C10: -7.782872521 | D10: Mohammad Radyt Fahrasya
A11: Halte Sudirman Bumiputera | B11: 110.3695586 | C11: -7.782965838 | D11: Mohammad Radyt Fahrasya
A12: Halte Jend. Sudirman (Santika) | B12: 110.3688244 | C12: -7.782784951 | D12: Mohammad Radyt Fahrasya
... A65: Halte Trans BonBin di Jalan Kusumanegara | B65: 110.3988688 | C65: -7.802311088 | D65: Reginald Maghfirot GZ
