Workbook

Sheet Skoring Potensi Aktivitas
A1: hex_id | B1: poi_total | C1: penduduk | D1: volume_mean | E1: Norm_Volume (1-100) | F1: Norm_POI (1-100) | G1: Norm_Penduduk (1-100) | H1: Skor Total AHP | I1: Ranking | J1: Klasifikasi Potensi Aktivitas
A2: 0 | B2: 0 | C2: 78 | D2: 641.86388 | E2: =1+($D2-MIN($D$2:$D$379))/(MAX($D$2:$D$379)-MIN($D$2:$D$379))*99 -> 17.757415 | F2: =1+($B2-MIN($B$2:$B$379))/(MAX($B$2:$B$379)-MIN($B$2:$B$379))*99 -> 1 | G2: =1+($C2-MIN($C$2:$C$379))/(MAX($C$2:$C$379)-MIN($C$2:$C$379))*99 -> 4.3647059 | H2: =E2*'AHP Bobot'!$B$29 + F2*'AHP Bobot'!$B$30 + G2*'AHP Bobot'!$B$31 -> 10.582667 | I2: =RANK(H2,$H$2:$H$379) -> 357 | J2: =CHOOSE(MIN(5,ROUNDUP(I2*5/378,0)),"Merah (Sangat Besar)","Oranye (Besar)","Kuning (Sedang)","Hijau (Rendah)","Hijau Muda (Sangat Rendah)") -> Hijau Muda (Sangat Rendah)
A3: 1 | B3: 0 | C3: 114 | D3: 640.97295 | E3: =1+($D3-MIN($D$2:$D$379))/(MAX($D$2:$D$379)-MIN($D$2:$D$379))*99 -> 17.707287 | F3: =1+($B3-MIN($B$2:$B$379))/(MAX($B$2:$B$379)-MIN($B$2:$B$379))*99 -> 1 | G3: =1+($C3-MIN($C$2:$C$379))/(MAX($C$2:$C$379)-MIN($C$2:$C$379))*99 -> 5.9176471 | H3: =E3*'AHP Bobot'!$B$29 + F3*'AHP Bobot'!$B$30 + G3*'AHP Bobot'!$B$31 -> 10.809992 | I3: =RANK(H3,$H$2:$H$379) -> 356 | J3: =CHOOSE(MIN(5,ROUNDUP(I3*5/378,0)),"Merah (Sangat Besar)","Oranye (Besar)","Kuning (Sedang)","Hijau (Rendah)","Hijau Muda (Sangat Rendah)") -> Hijau Muda (Sangat Rendah)
A4: 2 | B4: 3 | C4: 747 | D4: 625.4274 | E4: =1+($D4-MIN($D$2:$D$379))/(MAX($D$2:$D$379)-MIN($D$2:$D$379))*99 -> 16.832612 | F4: =1+($B4-MIN($B$2:$B$379))/(MAX($B$2:$B$379)-MIN($B$2:$B$379))*99 -> 10.28125 | G4: =1+($C4-MIN($C$2:$C$379))/(MAX($C$2:$C$379)-MIN($C$2:$C$379))*99 -> 33.223529 | H4: =E4*'AHP Bobot'!$B$29 + F4*'AHP Bobot'!$B$30 + G4*'AHP Bobot'!$B$31 -> 17.56968 | I4: =RANK(H4,$H$2:$H$379) -> 320 | J4: =CHOOSE(MIN(5,ROUNDUP(I4*5/378,0)),"Merah (Sangat Besar)","Oranye (Besar)","Kuning (Sedang)","Hijau (Rendah)","Hijau Muda (Sangat Rendah)") -> Hijau Muda (Sangat Rendah)
A5: 3 | B5: 0 | C5: 109 | D5: 625.66997 | E5: =1+($D5-MIN($D$2:$D$379))/(MAX($D$2:$D$379)-MIN($D$2:$D$379))*99 -> 16.84626 | F5: =1+($B5-MIN($B$2:$B$379))/(MAX($B$2:$B$379)-MIN($B$2:$B$379))*99 -> 1 | G5: =1+($C5-MIN($C$2:$C$379))/(MAX($C$2:$C$379)-MIN($C$2:$C$379))*99 -> 5.7019608 | H5: =E5*'AHP Bobot'!$B$29 + F5*'AHP Bobot'!$B$30 + G5*'AHP Bobot'!$B$31 -> 10.310607 | I5: =RANK(H5,$H$2:$H$379) -> 359 | J5: =CHOOSE(MIN(5,ROUNDUP(I5*5/378,0)),"Merah (Sangat Besar)","Oranye (Besar)","Kuning (Sedang)","Hijau (Rendah)","Hijau Muda (Sangat Rendah)") -> Hijau Muda (Sangat Rendah)
A6: 4 | B6: 0 | C6: 48 | D6: 630.49249 | E6: =1+($D6-MIN($D$2:$D$379))/(MAX($D$2:$D$379)-MIN($D$2:$D$379))*99 -> 17.117601 | F6: =1+($B6-MIN($B$2:$B$379))/(MAX($B$2:$B$379)-MIN($B$2:$B$379))*99 -> 1 | G6: =1+($C6-MIN($C$2:$C$379))/(MAX($C$2:$C$379)-MIN($C$2:$C$379))*99 -> 3.0705882 | H6: =E6*'AHP Bobot'!$B$29 + F6*'AHP Bobot'!$B$30 + G6*'AHP Bobot'!$B$31 -> 10.025881 | I6: =RANK(H6,$H$2:$H$379) -> 360 | J6: =CHOOSE(MIN(5,ROUNDUP(I6*5/378,0)),"Merah (Sangat Besar)","Oranye (Besar)","Kuning (Sedang)","Hijau (Rendah)","Hijau Muda (Sangat Rendah)") -> Hijau Muda (Sangat Rendah)
A7: 5 | B7: 0 | C7: 140 | D7: 607.42828 | E7: =1+($D7-MIN($D$2:$D$379))/(MAX($D$2:$D$379)-MIN($D$2:$D$379))*99 -> 15.819886 | F7: =1+($B7-MIN($B$2:$B$379))/(MAX($B$2:$B$379)-MIN($B$2:$B$379))*99 -> 1 | G7: =1+($C7-MIN($C$2:$C$379))/(MAX($C$2:$C$379)-MIN($C$2:$C$379))*99 -> 7.0392157 | H7: =E7*'AHP Bobot'!$B$29 + F7*'AHP Bobot'!$B$30 + G7*'AHP Bobot'!$B$31 -> 9.9764481 | I7: =RANK(H7,$H$2:$H$379) -> 361 | J7: =CHOOSE(MIN(5,ROUNDUP(I7*5/378,0)),"Merah (Sangat Besar)","Oranye (Besar)","Kuning (Sedang)","Hijau (Rendah)","Hijau Muda (Sangat Rendah)") -> Hijau Muda (Sangat Rendah)
A8: 6 | B8: 1 | C8: 378 | D8: 599.92959 | E8: =1+($D8-MIN($D$2:$D$379))/(MAX($D$2:$D$379)-MIN($D$2:$D$379))*99 -> 15.39797 | F8: =1+($B8-MIN($B$2:$B$379))/(MAX($B$2:$B$379)-MIN($B$2:$B$379))*99 -> 4.09375 | G8: =1+($C8-MIN($C$2:$C$379))/(MAX($C$2:$C$379)-MIN($C$2:$C$379))*99 -> 17.305882 | H8: =E8*'AHP Bobot'!$B$29 + F8*'AHP Bobot'!$B$30 + G8*'AHP Bobot'!$B$31 -> 12.350176 | I8: =RANK(H8,$H$2:$H$379) -> 349 | J8: =CHOOSE(MIN(5,ROUNDUP(I8*5/378,0)),"Merah (Sangat Besar)","Oranye (Besar)","Kuning (Sedang)","Hijau (Rendah)","Hijau Muda (Sangat Rendah)") -> Hijau Muda (Sangat Rendah)
A9: 7 | B9: 7 | C9: 866 | D9: 595.29428 | E9: =1+($D9-MIN($D$2:$D$379))/(MAX($D$2:$D$379)-MIN($D$2:$D$379))*99 -> 15.137163 | F9: =1+($B9-MIN($B$2:$B$379))/(MAX($B$2:$B$379)-MIN($B$2:$B$379))*99 -> 22.65625 | G9: =1+($C9-MIN($C$2:$C$379))/(MAX($C$2:$C$379)-MIN($C$2:$C$379))*99 -> 38.356863 | H9: =E9*'AHP Bobot'!$B$29 + F9*'AHP Bobot'!$B$30 + G9*'AHP Bobot'!$B$31 -> 21.175212 | I9: =RANK(H9,$H$2:$H$379) -> 279 | J9: =CHOOSE(MIN(5,ROUNDUP(I9*5/378,0)),"Merah (Sangat Besar)","Oranye (Besar)","Kuning (Sedang)","Hijau (Rendah)","Hijau Muda (Sangat Rendah)") -> Hijau (Rendah)
A10: 8 | B10: 0 | C10: 883 | D10: 599.00515 | E10: =1+($D10-MIN($D$2:$D$379))/(MAX($D$2:$D$379)-MIN($D$2:$D$379))*99 -> 15.345956 | F10: =1+($B10-MIN($B$2:$B$379))/(MAX($B$2:$B$379)-MIN($B$2:$B$379))*99 -> 1 | G10: =1+($C10-MIN($C$2:$C$379))/(MAX($C$2:$C$379)-MIN($C$2:$C$379))*99 -> 39.090196 | H10: =E10*'AHP Bobot'!$B$29 + F10*'AHP Bobot'!$B$30 + G10*'AHP Bobot'!$B$31 -> 14.970349 | I10: =RANK(H10,$H$2:$H$379) -> 336 | J10: =CHOOSE(MIN(5,ROUNDUP(I10*5/378,0)),"Merah (Sangat Besar)","Oranye (Besar)","Kuning (Sedang)","Hijau (Rendah)","Hijau Muda (Sangat Rendah)") -> Hijau Muda (Sangat Rendah)
A11: 9 | B11: 0 | C11: 24 | D11: 608.91703 | E11: =1+($D11-MIN($D$2:$D$379))/(MAX($D$2:$D$379)-MIN($D$2:$D$379))*99 -> 15.903651 | F11: =1+($B11-MIN($B$2:$B$379))/(MAX($B$2:$B$379)-MIN($B$2:$B$379))*99 -> 1 | G11: =1+($C11-MIN($C$2:$C$379))/(MAX($C$2:$C$379)-MIN($C$2:$C$379))*99 -> 2.0352941 | H11: =E11*'AHP Bobot'!$B$29 + F11*'AHP Bobot'!$B$30 + G11*'AHP Bobot'!$B$31 -> 9.2020485 | I11: =RANK(H11,$H$2:$H$379) -> 367 | J11: =CHOOSE(MIN(5,ROUNDUP(I11*5/378,0)),"Merah (Sangat Besar)","Oranye (Besar)","Kuning (Sedang)","Hijau (Rendah)","Hijau Muda (Sangat Rendah)") -> Hijau Muda (Sangat Rendah)
A12: 10 | B12: 0 | C12: 14 | D12: 621.09278 | E12: =1+($D12-MIN($D$2:$D$379))/(MAX($D$2:$D$379)-MIN($D$2:$D$379))*99 -> 16.588723 | F12: =1+($B12-MIN($B$2:$B$379))/(MAX($B$2:$B$379)-MIN($B$2:$B$379))*99 -> 1 | G12: =1+($C12-MIN($C$2:$C$379))/(MAX($C$2:$C$379)-MIN($C$2:$C$379))*99 -> 1.6039216 | H12: =E12*'AHP Bobot'!$B$29 + F12*'AHP Bobot'!$B$30 + G12*'AHP Bobot'!$B$31 -> 9.5006252 | I12: =RANK(H12,$H$2:$H$379) -> 363 | J12: =CHOOSE(MIN(5,ROUNDUP(I12*5/378,0)),"Merah (Sangat Besar)","Oranye (Besar)","Kuning (Sedang)","Hijau (Rendah)","Hijau Muda (Sangat Rendah)") -> Hijau Muda (Sangat Rendah)
A13: 11 | B13: 0 | C13: 78 | D13: 589.08431 | E13: =1+($D13-MIN($D$2:$D$379))/(MAX($D$2:$D$379)-MIN($D$2:$D$379))*99 -> 14.787758 | F13: =1+($B13-MIN($B$2:$B$379))/(MAX($B$2:$B$379)-MIN($B$2:$B$379))*99 -> 1 | G13: =1+($C13-MIN($C$2:$C$379))/(MAX($C$2:$C$379)-MIN($C$2:$C$379))*99 -> 4.3647059 | H13: =E13*'AHP Bobot'!$B$29 + F13*'AHP Bobot'!$B$30 + G13*'AHP Bobot'!$B$31 -> 8.9821381 | I13: =RANK(H13,$H$2:$H$379) -> 368 | J13: =CHOOSE(MIN(5,ROUNDUP(I13*5/378,0)),"Merah (Sangat Besar)","Oranye (Besar)","Kuning (Sedang)","Hijau (Rendah)","Hijau Muda (Sangat Rendah)") -> Hijau Muda (Sangat Rendah)
... A379: 377 | B379: 0 | C379: 56 | D379: 1346.0893 | E379: =1+($D379-MIN($D$2:$D$379))/(MAX($D$2:$D$379)-MIN($D$2:$D$379))*99 -> 57.38085 | F379: =1+($B379-MIN($B$2:$B$379))/(MAX($B$2:$B$379)-MIN($B$2:$B$379))*99 -> 1 | G379: =1+($C379-MIN($C$2:$C$379))/(MAX($C$2:$C$379)-MIN($C$2:$C$379))*99 -> 3.4156863 | H379: =E379*'AHP Bobot'!$B$29 + F379*'AHP Bobot'!$B$30 + G379*'AHP Bobot'!$B$31 -> 31.782724 | I379: =RANK(H379,$H$2:$H$379) -> 179 | J379: =CHOOSE(MIN(5,ROUNDUP(I379*5/378,0)),"Merah (Sangat Besar)","Oranye (Besar)","Kuning (Sedang)","Hijau (Rendah)","Hijau Muda (Sangat Rendah)") -> Kuning (Sedang)

Sheet AHP Bobot
A1: AHP - Penentuan Bobot Prioritas Potensi Aktivitas
A3: Skala Saaty: 1=sama penting, 3=sedikit lebih penting, 5=lebih penting, 7=jauh lebih penting, 9=mutlak lebih penting
A5: 1. Matriks Perbandingan Berpasangan
B6: Volume Kendaraan | C6: Jumlah POI | D6: Jumlah Penduduk
A7: Volume Kendaraan | B7: 1 | C7: 2 | D7: 3
A8: Jumlah POI | B8: =1/C7 -> 0.5 | C8: 1 | D8: 2
A9: Jumlah Penduduk | B9: =1/D7 -> 0.33333333 | C9: =1/D8 -> 0.5 | D9: 1
A10: Total | B10: =SUM(B7:B9) -> 1.8333333 | C10: =SUM(C7:C9) -> 3.5 | D10: =SUM(D7:D9) -> 6
A11: Catatan: hanya sel kuning yang diisi manual (hasil pertimbangan pengambil keputusan, mengikuti urutan prioritas: Volume Kendaraan > Jumlah POI > Jumlah Penduduk). Sel lain otomatis (kebalikan).
A13: 2. Normalisasi Matriks, Bobot Prioritas & Eigen Value
A14: Kriteria | B14: Volume Kendaraan | C14: Jumlah POI | D14: Jumlah Penduduk | E14: Jumlah | F14: Prioritas (Bobot) | G14: Eigen Value
A15: Volume Kendaraan | B15: =B7/B$10 -> 0.54545455 | C15: =C7/C$10 -> 0.57142857 | D15: =D7/D$10 -> 0.5 | E15: =SUM(B15:D15) -> 1.6168831 | F15: =E15/3 -> 0.53896104 | G15: =F15*B$10 -> 0.98809524
A16: Jumlah POI | B16: =B8/B$10 -> 0.27272727 | C16: =C8/C$10 -> 0.28571429 | D16: =D8/D$10 -> 0.33333333 | E16: =SUM(B16:D16) -> 0.89177489 | F16: =E16/3 -> 0.2972583 | G16: =F16*C$10 -> 1.040404
A17: Jumlah Penduduk | B17: =B9/B$10 -> 0.18181818 | C17: =C9/C$10 -> 0.14285714 | D17: =D9/D$10 -> 0.16666667 | E17: =SUM(B17:D17) -> 0.49134199 | F17: =E17/3 -> 0.16378066 | G17: =F17*D$10 -> 0.98268398
A18: Total | F18: =SUM(F15:F17) -> 1 | G18: =SUM(G15:G17) -> 3.0111833
A20: 3. Uji Konsistensi (Consistency Ratio)
A21: Lambda Max (Total Eigen Value) | B21: =G18 -> 3.0111833
A22: n (jumlah kriteria) | B22: 3
A23: CI (Consistency Index = (Lambda Max - n) / (n - 1)) | B23: =(B21-B22)/(B22-1) -> 0.0055916306
A24: RI (Random Index, tabel Saaty untuk n=3) | B24: 0.58
A25: CR (Consistency Ratio = CI / RI) | B25: =B23/B24 -> 0.0096407424
A26: Status Konsistensi (CR <= 0.1 dianggap konsisten) | B26: =IF(B25<=0.1,"KONSISTEN - bobot valid digunakan","TIDAK KONSISTEN - revisi penilaian pairwise") -> KONSISTEN - bobot valid digunakan
A28: 4. Bobot Final Dipakai di Skor Total Potensi Aktivitas
A29: Bobot Volume Kendaraan | B29: =F15 -> 0.53896104
A30: Bobot Jumlah POI | B30: =F16 -> 0.2972583
A31: Bobot Jumlah Penduduk | B31: =F17 -> 0.16378066

Sheet Catatan
A1: CATATAN & ASUMSI PERHITUNGAN SKOR TOTAL POTENSI AKTIVITAS
A3: 1. Sumber data: DATA_POI_POPULASI_VOLUME.xlsx (per grid hexagon), kolom yang dipakai:
A4: - poi_total = jumlah total POI per grid (kuantitas seluruh kategori, bukan per kategori)
A5: - penduduk = jumlah penduduk per grid
A6: - volume_mean = jumlah data volume kendaraan terekam per grid (dipilih oleh pengguna sebagai proksi Volume Kendaraan)
A8: 2. Bobot kriteria dihitung dengan metode AHP pada sheet 'AHP Bobot' (mengikuti file FIX_POTENSI_AKTIVITAS.xlsx).
A9: Urutan prioritas pairwise: Volume Kendaraan > Jumlah POI > Jumlah Penduduk (sel kuning = input manual).
A10: Cek status konsistensi (CR) pada sheet 'AHP Bobot' baris 26 sebelum bobot dipakai.
A12: 3. Setiap kriteria (Volume, POI, Penduduk) dinormalisasi Min-Max ke skala 1-100 pada sheet 'Skoring Potensi Aktivitas'
A13: karena satuan & rentang nilai tiap kriteria berbeda jauh (contoh: penduduk 0-2295 vs volume_mean 262-1573).
A14: Rumus: 1 + (X - MIN) / (MAX - MIN) * 99
A16: 4. Skor Total AHP = (Norm_Volume x Bobot Volume) + (Norm_POI x Bobot POI) + (Norm_Penduduk x Bobot Penduduk)
... A30: Rumus: CHOOSE(MIN(5,ROUNDUP(Ranking*5/378,0)), ...) - otomatis update jika skor/ranking berubah.
